order_id,day_of_week,time_slot,student_year,faculty,drink,size,food_item,is_member,payment,raining,price,prep_minutes,calories,tip,rating,study_hours_today,prior_coffee_cups
B0301,Tue,late_night,2,Bio,tea,L,croissant,no,card,no,4.49,8,288,0.1,3,1.9,1
B0266,Tue,morning,2,Bio,cappuccino,L,sandwich,no,campus_card,no,8.16,6,558,0.67,4,1.3,3
B0064,Fri,late_night,1,Business,hot_chocolate,S,cookie,no,campus_card,yes,4.08,8,382,0.84,4,4.8,0
B0197,Thu,afternoon,4,Business,americano,S,cookie,yes,card,no,3.19,6,194,0.89,4,3.2,0
B0261,Fri,morning,2,Design,americano,M,none,yes,card,no,2.48,5,11,0.79,3,4.7,1
B0278,Fri,afternoon,1,Arts,latte,M,croissant,no,cash,no,5.18,3,439,,5,2.5,0
B0223,Sat,evening,3,Business,cappuccino,L,soup,yes,campus_card,no,6.61,9,339,1.01,3,3.7,1
B0247,Fri,late_night,2,CS,hot_chocolate,M,none,yes,cash,no,2.64,5,215,0,3,3.8,0
B0027,Fri,evening,4,CS,americano,S,sandwich,no,card,no,6.75,5,425,0.7,3,4.5,2
B0276,Mon,evening,1,CS,hot_chocolate,S,salad,no,campus_card,no,6.29,7,442,0.34,5,4.6,3
B0091,Tue,evening,1,Design,latte,L,none,no,card,no,4.07,3,192,0.79,2,3.6,1
B0120,Sat,late_night,3,Law,hot_chocolate,S,croissant,no,campus_card,yes,4.6,9,481,0.67,4,5.4,2
B0351,Tue,afternoon,2,CS,cappuccino,M,cookie,no,campus_card,yes,4.66,6,297,0.62,4,1.5,1
B0251,Fri,late_night,1,Law,tea,M,sandwich,no,card,no,6.49,6,436,0.05,4,4.2,2
B0282,Fri,late_night,4,Design,cold_brew,M,salad,no,campus_card,no,7.38,7,253,1.01,4,2.0,0
B0262,Wed,afternoon,1,CS,hot_chocolate,S,sandwich,no,campus_card,no,7.07,8,620,1.19,4,5.7,0
B0172,Sat,late_night,2,CS,latte,M,soup,no,card,no,6.57,7,353,1.27,4,2.1,4
B0034,Fri,late_night,4,CS,smoothie,S,cookie,no,campus_card,no,5.11,4,397,,5,4.9,2
B0030,Mon,evening,3,Law,tea,L,sandwich,no,card,no,7.05,10,429,0,2,3.2,2
B0267,Fri,morning,4,Bio,americano,M,none,no,card,no,2.66,5,7,,3,1.2,1
B0349,Wed,late_night,3,Law,hot_chocolate,M,sandwich,no,campus_card,no,7.29,8,633,0.61,5,3.5,2
B0024,Tue,afternoon,3,CS,smoothie,L,sandwich,no,card,no,9.31,6,726,0.77,4,5.9,1
B0104,Mon,morning,2,Bio,cappuccino,L,salad,yes,cash,no,6.81,7,403,0.5,4,2.8,4
B0175,Fri,morning,3,Design,cold_brew,L,none,no,card,no,4.38,8,19,1.37,4,2.7,1
B0331,Mon,morning,4,Law,cold_brew,S,croissant,no,card,no,5.14,8,301,0.69,,2.7,2
B0051,Fri,afternoon,1,Bio,cappuccino,L,soup,yes,campus_card,yes,6.54,6,346,0,5,3.3,2
B0026,Tue,morning,1,Business,hot_chocolate,M,sandwich,no,card,yes,7.16,7,644,1.0,3,4.6,0
B0153,Thu,late_night,1,CS,latte,L,sandwich,no,card,no,8.37,10,597,0.58,4,5.9,2
B0296,Sun,late_night,2,Bio,hot_chocolate,L,none,no,card,no,3.59,2,261,0.28,3,4.5,1
B0340,Wed,afternoon,1,Arts,latte,S,salad,yes,card,no,5.91,10,391,0.84,2,4.6,0
B0123,Sun,evening,1,Law,americano,M,none,no,campus_card,yes,2.37,2,29,0.76,4,3.1,1
B0309,Tue,afternoon,4,CS,tea,L,salad,yes,card,no,5.72,5,268,0.53,4,4.3,1
B0250,Fri,late_night,2,Business,hot_chocolate,M,croissant,no,card,no,4.71,6,507,0.38,3,4.2,1
B0192,Thu,late_night,1,Business,americano,S,salad,no,campus_card,yes,6.14,9,272,0.57,4,5.1,1
B0322,Thu,evening,1,CS,cappuccino,L,sandwich,no,campus_card,yes,8.17,8,568,,3,4.4,2
B0129,Sat,late_night,4,Arts,cappuccino,M,none,yes,card,no,2.78,3,120,0.7,4,5.7,0
B0265,Thu,evening,1,Arts,tea,L,none,no,campus_card,no,2.62,2,8,0.83,4,3.0,0
B0066,Mon,afternoon,3,Bio,tea,M,none,yes,card,no,1.68,4,12,1.09,4,2.4,1
B0257,Mon,morning,1,Arts,latte,M,salad,yes,card,no,6.54,10,399,0.64,4,4.7,2
B0033,Wed,evening,1,Business,cold_brew,L,none,yes,card,yes,3.68,3,8,0.21,,3.8,1
B0085,Fri,afternoon,4,Business,hot_chocolate,S,croissant,no,campus_card,no,4.4,6,469,,5,3.7,0
B0200,Wed,morning,2,Law,cappuccino,M,none,no,card,no,3.11,6,119,0.32,4,1.9,1
B0215,Mon,afternoon,1,Arts,latte,S,sandwich,no,campus_card,no,7.16,11,553,0.4,2,3.2,0
B0125,Fri,evening,3,Bio,tea,S,none,no,card,no,1.61,2,9,1.01,4,4.9,3
B0196,Sat,afternoon,2,Bio,tea,M,none,no,campus_card,no,2.18,3,4,0.58,4,2.0,2
B0212,Tue,late_night,3,CS,cappuccino,M,none,no,card,no,3.02,7,111,1.05,4,3.8,2
B0293,Mon,evening,2,Design,latte,M,cookie,yes,card,no,4.33,9,320,0.77,5,4.4,2
B0355,Tue,afternoon,1,Law,americano,L,sandwich,no,card,yes,7.75,7,441,0.19,3,3.2,2
B0165,Wed,afternoon,1,Design,smoothie,M,sandwich,yes,campus_card,no,7.56,6,694,1.01,5,1.5,0
B0049,Sun,late_night,1,Arts,tea,L,sandwich,yes,campus_card,no,6.25,5,420,0.67,3,5.8,1
B0081,Sat,evening,4,CS,cold_brew,L,soup,no,card,no,7.7,8,226,0.82,3,3.9,0
B0136,Wed,evening,3,Arts,cappuccino,M,salad,no,cash,no,6.87,4,370,0.51,3,2.5,1
B0006,Tue,afternoon,4,Law,hot_chocolate,M,none,no,campus_card,no,2.71,5,229,1.05,5,4.4,4
B0239,Sat,evening,1,Arts,cappuccino,L,croissant,no,campus_card,no,5.51,6,434,0.53,4,3.8,0
B0332,Thu,afternoon,3,Design,smoothie,L,cookie,no,card,yes,6.46,7,490,1.08,4,3.6,0
B0162,Thu,afternoon,1,CS,tea,M,none,yes,campus_card,no,1.76,4,16,0.57,5,2.8,2
B0321,Fri,evening,4,Design,americano,L,none,no,card,no,3.12,5,22,0,4,3.8,0
B0087,Fri,evening,1,Bio,cold_brew,M,none,no,campus_card,yes,3.68,2,20,0.6,3,3.4,0
B0061,Wed,afternoon,4,CS,americano,S,none,yes,campus_card,yes,1.94,3,19,0.09,3,5.0,0
B0299,Fri,late_night,1,Law,americano,L,none,no,campus_card,no,3.09,4,10,0.68,4,1.9,1
B0118,Thu,evening,3,CS,americano,L,sandwich,no,cash,no,7.72,10,444,0.68,4,5.6,0
B0055,Fri,afternoon,1,Bio,smoothie,M,cookie,no,cash,no,5.71,6,447,0.31,4,4.9,1
B0009,Sun,evening,4,CS,americano,S,cookie,no,campus_card,no,3.69,9,199,0.97,4,5.4,2
B0111,Tue,evening,3,Business,cappuccino,L,sandwich,yes,cash,no,7.42,9,572,0.62,4,4.3,3
B0016,Thu,morning,1,Bio,cappuccino,M,salad,yes,campus_card,no,6.52,7,362,0.58,3,3.1,0
B0345,Fri,late_night,1,Arts,americano,L,none,yes,campus_card,no,2.92,7,12,0.75,5,3.7,3
B0232,Fri,afternoon,2,Arts,smoothie,M,none,no,campus_card,no,4.18,6,250,0.83,3,3.8,0
B0209,Sun,evening,1,Bio,smoothie,L,none,no,cash,no,4.71,3,311,0,4,3.8,1
B0222,Wed,afternoon,4,Arts,cappuccino,M,none,no,card,no,3.24,3,123,0.65,3,1.9,1
B0268,Tue,morning,1,CS,smoothie,S,croissant,no,campus_card,no,5.44,10,508,0.53,2,4.8,2
B0057,Thu,evening,3,Design,smoothie,L,cookie,no,card,no,6.24,8,506,0.85,4,1.6,2
B0102,Thu,morning,1,CS,tea,S,croissant,yes,card,no,3.28,9,292,0.45,4,2.5,0
B0346,Sat,morning,3,CS,hot_chocolate,S,sandwich,yes,cash,no,6.07,9,607,0.55,5,5.4,1
B0180,Fri,late_night,1,Arts,americano,S,sandwich,yes,campus_card,yes,6.15,7,427,0.29,4,5.3,2
B0203,Thu,morning,3,Business,tea,S,none,no,campus_card,no,1.64,7,19,1.3,4,2.9,1
B0062,Wed,morning,1,Arts,tea,M,soup,no,card,no,5.69,10,196,0.91,3,4.1,0
B0298,Sun,late_night,3,Business,cappuccino,S,croissant,yes,campus_card,no,4.25,8,385,0.35,4,6.1,2
B0213,Wed,evening,2,Design,hot_chocolate,M,salad,yes,card,no,6.08,4,485,1.05,3,5.0,0
B0329,Thu,afternoon,2,Arts,americano,M,none,yes,cash,no,2.32,1,23,0.97,4,3.7,1
B0010,Sun,late_night,2,Arts,cold_brew,L,none,no,card,no,4.1,4,20,0.91,3,2.8,0
B0059,Tue,morning,1,Design,cold_brew,L,soup,no,cash,yes,7.85,9,227,0.77,3,3.3,1
B0218,Mon,afternoon,3,Design,cold_brew,S,sandwich,no,cash,no,7.51,5,425,0.8,4,2.7,2
B0352,Tue,evening,1,Business,cappuccino,M,none,no,campus_card,no,2.94,2,123,0.67,5,6.2,1
B0172,Sat,late_night,2,CS,latte,M,soup,no,card,no,6.57,7,353,1.27,4,2.1,4
B0324,Mon,afternoon,1,Bio,cappuccino,M,cookie,yes,card,no,4.21,5,311,0.88,5,3.9,0
B0179,Wed,evening,4,Law,tea,M,croissant,yes,card,yes,3.69,10,283,0.72,5,5.5,1
B0244,Sat,evening,1,Business,americano,S,sandwich,yes,campus_card,no,6.08,6,425,0.76,3,3.7,0
B0284,Tue,late_night,2,Design,tea,L,cookie,no,card,no,4.08,6,193,0.83,4,6.0,3
B0342,Wed,evening,4,Design,cold_brew,M,sandwich,yes,card,yes,7.45,6,430,0.33,5,4.6,2
B0258,Mon,late_night,2,Business,tea,M,none,no,campus_card,no,2.05,5,3,1.14,4,4.5,0
B0323,Thu,late_night,3,Bio,tea,S,none,no,card,no,1.77,4,0,1.11,4,1.4,2
B0130,Thu,late_night,4,Arts,cappuccino,M,cookie,no,cash,no,4.49,8,295,0.59,4,2.9,2
B0028,Sun,afternoon,3,Law,cold_brew,L,sandwich,no,campus_card,no,8.61,8,446,0.31,4,5.9,2
B0138,Wed,evening,1,CS,americano,L,none,no,card,no,2.89,6,25,0.79,3,3.0,0
B0285,Tue,late_night,1,Design,tea,L,none,no,cash,no,2.37,4,6,0.49,5,3.9,2
B0044,Tue,morning,4,CS,americano,M,cookie,yes,campus_card,no,3.78,11,207,0.42,3,5.2,1
B0053,Fri,evening,2,Design,cold_brew,M,sandwich,no,campus_card,no,8.07,6,441,0.43,5,1.0,2
B0167,Wed,afternoon,1,Design,cold_brew,L,none,no,card,no,4.18,2,10,0.78,4,1.6,0
B0195,Fri,morning,2,Design,cappuccino,M,none,no,card,no,2.97,4,117,1.0,5,6.5,1
B0253,Mon,morning,3,Design,tea,L,croissant,no,cash,no,4.58,6,297,0,5,3.0,0
B0333,Tue,afternoon,1,Arts,americano,M,none,yes,card,no,2.11,9,24,0.51,4,3.2,1
B0161,Fri,evening,3,Bio,latte,M,none,no,card,no,3.42,3,146,0.35,4,4.2,2
B0359,Fri,late_night,4,Business,hot_chocolate,L,none,no,campus_card,no,3.51,6,278,0.21,4,2.7,1
B0019,Tue,afternoon,1,Arts,smoothie,M,none,no,cash,no,4.08,5,259,0.4,3,6.1,4
B0169,Tue,late_night,3,Arts,cold_brew,S,cookie,no,card,no,4.61,7,189,0.74,5,5.3,0
B0131,Mon,morning,1,CS,cold_brew,S,cookie,no,campus_card,yes,4.61,10,179,0.62,3,2.0,2
B0069,Fri,late_night,2,CS,smoothie,S,none,no,card,no,3.34,7,222,1.03,4,4.3,0
B0173,Mon,morning,3,CS,americano,M,none,no,campus_card,yes,2.45,4,15,1.18,4,4.1,3
B0128,Thu,morning,1,Design,hot_chocolate,L,none,no,card,no,3.35,6,268,1.02,5,6.0,1
B0286,Tue,afternoon,1,Bio,hot_chocolate,M,sandwich,no,card,no,7.38,7,632,1.24,3,2.7,0
B0245,Tue,evening,3,Business,latte,M,none,no,card,no,3.07,4,152,0.82,3,2.7,0
B0116,Mon,morning,2,Design,americano,S,none,no,card,no,1.98,2,23,0.16,4,4.4,1
B0141,Sat,afternoon,3,Law,cappuccino,M,cookie,yes,card,no,3.98,5,300,1.43,4,6.0,1
B0039,Wed,evening,2,Business,cappuccino,M,croissant,yes,card,yes,4.56,7,396,0.38,4,2.3,1
B0103,Sun,afternoon,2,Bio,cappuccino,M,none,no,card,no,2.87,1,130,0.62,4,2.4,0
B0348,Fri,late_night,1,CS,latte,L,none,no,cash,no,3.97,5,174,0,4,5.6,1
B0289,Sun,late_night,1,Design,cold_brew,M,croissant,no,card,no,5.54,7,288,0.16,5,4.4,2
B0318,Wed,morning,3,Design,cappuccino,M,salad,yes,card,yes,6.4,7,377,0.58,4,4.6,2
B0041,Mon,morning,1,Bio,tea,M,none,yes,card,no,1.88,5,0,0.42,5,3.5,2
B0307,Thu,afternoon,4,Design,latte,M,none,no,cash,no,3.07,6,141,0.66,4,4.1,1
B0139,Wed,morning,1,Bio,hot_chocolate,L,cookie,no,card,no,5.07,9,455,0.54,3,4.1,1
B0137,Sun,morning,2,Design,smoothie,M,soup,no,card,yes,7.58,6,475,1.01,4,4.1,1
B0326,Wed,late_night,3,Law,cappuccino,L,sandwich,no,card,no,8.1,6,576,0.57,2,2.3,0
B0210,Fri,late_night,3,CS,tea,L,none,yes,campus_card,no,2.25,5,2,0,4,5.0,0
B0178,Wed,morning,1,Bio,hot_chocolate,M,none,no,cash,yes,2.8,2,230,,5,3.4,0
B0133,Tue,afternoon,1,Bio,cold_brew,M,salad,no,card,no,7.47,7,270,0.47,4,2.8,1
B0198,Wed,afternoon,2,Design,americano,L,croissant,yes,campus_card,no,4.63,7,293,0.94,5,1.4,0
B0047,Sun,evening,1,CS,hot_chocolate,S,none,no,card,no,2.63,3,190,0.23,5,4.1,2
B0050,Sat,late_night,2,Law,cappuccino,L,cookie,yes,card,no,4.77,5,318,0.35,3,4.1,1
B0020,Mon,afternoon,3,Bio,smoothie,M,none,no,campus_card,no,3.94,6,255,1.14,4,3.6,2
B0188,Wed,evening,1,Business,hot_chocolate,L,none,no,card,no,3.58,1,263,0.47,4,4.0,1
B0193,Fri,late_night,2,Design,latte,M,none,no,campus_card,yes,3.33,1,143,0.28,4,3.9,1
B0211,Thu,late_night,1,Arts,smoothie,L,none,yes,card,no,4.37,7,304,0.41,4,2.8,1
B0140,Thu,morning,3,Design,tea,M,none,yes,card,no,1.89,5,0,0.76,5,3.4,2
B0108,Sun,morning,2,Business,latte,M,croissant,no,campus_card,no,5.4,7,436,0.47,4,4.8,2
B0159,Fri,afternoon,1,Arts,cappuccino,M,sandwich,yes,campus_card,yes,6.86,7,545,0.58,5,4.4,1
B0205,Sat,late_night,3,Bio,americano,M,salad,yes,campus_card,no,5.72,6,279,0.67,5,6.0,1
B0014,Wed,late_night,4,Law,cold_brew,M,croissant,no,cash,yes,5.44,10,281,0.46,3,3.3,1
B0199,Tue,morning,1,Arts,americano,M,croissant,yes,campus_card,no,4.14,9,307,0.61,5,3.1,1
B0092,Sat,late_night,1,Design,latte,M,soup,yes,card,no,6.0,5,362,,3,4.1,2
B0035,Mon,evening,3,Law,cold_brew,M,cookie,no,card,no,5.0,5,193,0.59,4,3.2,4
B0254,Sat,evening,1,Business,smoothie,M,none,no,campus_card,yes,3.96,2,262,0.91,3,2.6,2
B0082,Mon,evening,3,Law,latte,M,croissant,yes,card,no,4.58,6,442,0.75,4,1.1,0
B0255,Mon,morning,3,Design,cappuccino,L,sandwich,no,card,no,8.03,10,559,,3,4.2,0
B0015,Thu,evening,4,CS,americano,S,croissant,no,campus_card,yes,4.02,8,301,0.43,4,4.0,2
B0311,Thu,evening,1,CS,hot_chocolate,M,none,yes,campus_card,yes,2.71,6,223,0,5,3.9,2
B0160,Wed,morning,2,Business,cappuccino,L,soup,no,card,yes,7.27,9,338,0.8,3,5.3,3
B0005,Fri,morning,1,Business,cold_brew,S,none,no,cash,no,2.91,3,2,0.25,4,4.6,1
B0343,Fri,afternoon,1,Bio,latte,L,sandwich,no,campus_card,no,8.22,5,594,0.18,4,3.6,4
B0132,Thu,afternoon,1,Arts,latte,M,croissant,yes,campus_card,yes,4.86,6,425,0.04,4,3.9,0
B0360,Tue,evening,2,Law,cappuccino,S,none,no,card,no,2.67,3,111,0.54,3,5.2,2
B0314,Wed,afternoon,4,Design,americano,M,none,yes,card,no,2.24,2,10,0.91,4,3.2,1
B0216,Fri,afternoon,1,Law,cappuccino,M,sandwich,no,campus_card,yes,7.72,5,545,0.59,,3.1,1
B0067,Tue,afternoon,4,Arts,tea,S,salad,no,cash,no,5.72,8,258,0.02,3,5.2,1
B0112,Tue,morning,1,Business,latte,M,salad,yes,cash,no,6.49,12,410,0,4,7.2,1
B0145,Sun,afternoon,3,Law,latte,S,none,no,cash,no,2.73,4,133,0,5,8.0,1
B0124,Tue,evening,3,Design,smoothie,M,sandwich,yes,campus_card,no,7.71,6,687,0.75,5,2.8,3
B0292,Sun,late_night,2,CS,cold_brew,L,none,yes,cash,no,3.93,5,26,0.68,4,5.2,2
B0093,Sun,afternoon,4,CS,tea,M,soup,no,card,no,5.65,7,214,0.67,4,2.4,0
B0221,Thu,evening,2,CS,hot_chocolate,S,croissant,no,card,no,4.6,8,479,0,3,2.3,0
B0316,Mon,afternoon,1,Bio,cold_brew,M,croissant,no,cash,no,5.41,9,296,0,3,2.8,2
B0186,Wed,evening,3,Business,smoothie,S,none,no,cash,no,3.47,6,229,0.49,3,1.9,0
B0071,Fri,morning,3,Business,smoothie,M,none,no,cash,yes,3.97,2,251,0.99,5,5.9,0
B0031,Sat,evening,2,Arts,cappuccino,M,none,no,campus_card,no,3.22,6,122,0.55,3,2.3,0
B0008,Tue,late_night,2,Business,cold_brew,M,cookie,yes,campus_card,no,4.66,7,190,0.6,4,3.6,1
B0306,Wed,evening,4,Business,tea,M,none,yes,campus_card,yes,1.85,1,14,0.61,5,3.1,1
B0166,Fri,late_night,4,CS,cold_brew,M,none,no,campus_card,no,3.65,4,22,0.42,4,4.0,1
B0312,Tue,afternoon,2,Law,smoothie,M,salad,no,campus_card,yes,7.98,5,500,0.88,4,2.6,2
B0046,Fri,evening,4,Bio,smoothie,M,none,no,cash,yes,3.99,3,255,0.7,3,5.8,1
B0303,Wed,morning,1,CS,cold_brew,M,none,no,campus_card,no,3.61,6,24,0.82,3,1.9,1
B0231,Sun,evening,2,Design,cappuccino,M,croissant,no,card,no,5.23,9,407,1.36,3,3.1,0
B0171,Thu,afternoon,2,Business,cold_brew,L,salad,yes,campus_card,yes,7.45,5,252,0.19,4,3.5,2
B0308,Fri,afternoon,1,Arts,latte,S,croissant,yes,campus_card,no,4.33,3,420,0.25,3,1.8,0
B0032,Wed,evening,1,Design,americano,S,none,yes,campus_card,no,2.14,1,17,0.91,5,3.7,4
B0121,Sun,afternoon,2,CS,tea,M,cookie,no,campus_card,no,3.61,6,192,0.78,4,4.0,4
B0259,Fri,afternoon,4,Bio,latte,S,none,no,campus_card,no,2.59,2,132,0.65,5,2.0,1
B0233,Mon,evening,4,Bio,hot_chocolate,S,cookie,no,campus_card,no,3.74,6,377,0.22,4,3.3,2
B0077,Fri,late_night,2,Bio,hot_chocolate,S,croissant,yes,card,no,4.05,8,476,0.58,3,3.4,1
B0350,Sat,late_night,3,Design,hot_chocolate,M,salad,yes,card,yes,6.31,9,465,,4,3.4,2
B0040,Fri,evening,2,Design,latte,L,none,yes,cash,no,3.7,1,174,,3,1.6,0
B0001,Fri,morning,1,Arts,cappuccino,M,none,no,card,no,2.86,4,127,1.01,4,5.6,1
B0007,Thu,late_night,1,Law,cold_brew,L,sandwich,no,campus_card,no,8.67,7,445,0.62,4,2.7,1
B0287,Mon,morning,3,Law,tea,S,cookie,no,card,no,3.06,8,198,0.28,3,6.5,1
B0201,Tue,morning,4,Design,cappuccino,M,salad,yes,cash,yes,6.17,11,381,,3,4.5,0
B0241,Thu,morning,4,Law,cappuccino,M,sandwich,no,campus_card,yes,7.41,5,553,0.42,4,0.3,0
B0127,Fri,evening,3,Arts,cold_brew,S,cookie,no,cash,no,4.46,7,184,0.23,4,3.6,4
B0189,Sat,afternoon,4,Arts,cappuccino,S,none,no,card,yes,2.47,4,95,0.74,4,5.2,1
B0150,Tue,morning,2,Business,cappuccino,M,croissant,no,card,no,5.06,11,407,0.21,,4.6,0
B0217,Tue,late_night,2,Business,latte,M,sandwich,yes,card,no,6.82,5,575,0.6,4,3.2,1
B0011,Fri,morning,1,Business,latte,L,cookie,yes,cash,no,4.95,9,375,0,,3.8,0
B0126,Mon,afternoon,2,Business,latte,M,soup,no,card,no,6.58,5,357,0.7,4,2.5,1
B0142,Thu,morning,2,Law,tea,M,salad,yes,campus_card,yes,5.56,10,259,,4,0.8,0
B0302,Thu,evening,2,CS,cold_brew,S,none,no,card,no,3.22,6,22,0.68,4,3.2,1
B0098,Sun,afternoon,1,Law,tea,M,croissant,no,card,no,4.02,8,278,0.54,3,3.4,0
B0334,Sun,evening,1,Law,americano,M,salad,no,card,no,6.65,8,267,0.74,3,3.8,3
B0052,Tue,late_night,4,Bio,americano,M,sandwich,yes,campus_card,yes,6.21,10,427,0,2,4.6,1
B0242,Fri,afternoon,1,Design,cappuccino,M,none,no,campus_card,no,2.87,3,126,0.47,4,2.6,2
B0211,Thu,late_night,1,Arts,smoothie,L,none,yes,card,no,4.37,7,304,0.41,4,2.8,1
B0339,Wed,late_night,3,Design,cold_brew,L,none,no,card,no,4.07,5,16,0.52,5,5.6,0
B0182,Mon,afternoon,1,Arts,cappuccino,L,none,yes,campus_card,no,3.11,6,138,1.04,4,0.6,3
B0119,Sat,evening,1,Law,smoothie,M,sandwich,no,card,yes,8.52,5,691,0.42,4,1.2,1
B0269,Tue,afternoon,2,Arts,smoothie,L,cookie,no,card,no,6.37,8,493,0.24,3,4.0,0
B0264,Wed,afternoon,2,Bio,hot_chocolate,M,cookie,yes,campus_card,no,3.8,5,395,0.37,5,3.3,1
B0225,Tue,evening,1,Design,cappuccino,M,none,yes,cash,no,2.73,2,127,0,5,1.6,1
B0070,Wed,afternoon,3,CS,cold_brew,L,sandwich,no,campus_card,no,8.56,7,432,1.19,4,4.6,0
B0300,Fri,late_night,2,Business,cappuccino,S,none,yes,card,no,2.15,4,115,0.96,4,2.6,0
B0105,Wed,evening,1,Law,cappuccino,M,none,no,cash,yes,2.9,3,124,,5,6.1,0
B0002,Tue,afternoon,1,Bio,cold_brew,L,salad,yes,card,no,7.36,8,263,0.69,3,1.8,2
B0220,Fri,late_night,1,Bio,latte,M,none,yes,campus_card,yes,2.87,4,160,0.49,5,1.8,2
B0097,Sat,afternoon,2,Law,tea,S,sandwich,yes,campus_card,yes,5.59,7,427,,,0.7,0
B0194,Fri,late_night,1,Law,latte,M,none,no,campus_card,no,3.31,2,145,0.43,4,4.3,2
B0294,Sun,afternoon,3,Business,latte,S,cookie,no,cash,no,4.43,5,299,0.3,4,5.4,1
B0017,Wed,morning,4,Arts,americano,M,none,yes,campus_card,no,2.31,3,9,0.21,4,6.9,2
B0337,Wed,morning,1,CS,latte,L,none,no,card,no,3.79,6,189,0.7,3,1.1,4
B0135,Mon,late_night,4,Design,hot_chocolate,M,none,yes,card,yes,2.7,6,219,0,4,4.7,2
B0328,Mon,morning,3,Business,latte,S,cookie,yes,campus_card,no,3.83,10,316,0.14,4,5.4,1
B0078,Sat,late_night,1,Law,tea,L,sandwich,no,card,yes,6.79,8,438,,5,4.6,0
B0054,Wed,morning,1,Design,smoothie,L,none,no,card,no,4.77,5,320,0.74,4,2.6,0
B0037,Tue,afternoon,2,CS,cold_brew,M,sandwich,no,card,no,7.99,7,439,0.88,4,2.4,0
B0240,Thu,morning,1,CS,hot_chocolate,M,salad,no,cash,no,6.84,7,484,0,3,1.9,0
B0154,Sat,evening,1,Business,tea,S,none,no,cash,no,1.79,6,3,1.1,4,4.6,3
B0151,Sat,evening,1,Bio,cold_brew,M,none,no,cash,no,3.62,1,15,,4,5.2,2
B0214,Mon,evening,3,Law,cold_brew,S,croissant,no,card,no,4.97,10,301,,4,3.7,3
B0036,Fri,late_night,2,Arts,smoothie,S,none,yes,campus_card,no,3.1,1,219,0.82,4,4.5,3
B0338,Fri,late_night,2,Arts,latte,S,sandwich,no,campus_card,no,7.35,7,539,0.99,3,0.9,1
B0237,Sun,afternoon,1,Business,hot_chocolate,S,sandwich,no,cash,no,6.78,7,616,0.12,4,3.9,1
B0109,Thu,morning,2,Arts,americano,M,croissant,no,campus_card,no,4.63,6,293,0.45,4,3.1,4
B0238,Wed,evening,2,Design,smoothie,M,sandwich,no,card,no,8.66,6,678,0.11,4,2.8,2
B0207,Fri,afternoon,2,CS,americano,S,croissant,no,card,no,4.27,6,303,0.42,5,3.5,3
B0042,Fri,late_night,4,Design,americano,L,none,no,campus_card,no,3.1,2,32,,4,4.8,2
B0074,Mon,morning,2,Arts,latte,L,sandwich,no,card,no,8.58,11,612,1.35,4,3.2,2
B0236,Wed,evening,3,Law,smoothie,M,croissant,yes,card,no,5.35,9,548,0.94,5,1.5,3
B0279,Tue,morning,3,Law,cappuccino,M,croissant,no,card,yes,5.19,7,411,0.34,5,3.2,0
B0107,Sat,late_night,4,Law,smoothie,S,croissant,no,campus_card,no,5.32,5,503,0.25,5,5.6,0
B0320,Fri,evening,3,Law,cappuccino,M,none,yes,campus_card,no,2.78,7,132,0.95,3,4.1,2
B0271,Wed,morning,2,Design,smoothie,L,none,yes,campus_card,no,4.49,3,311,0.25,4,2.0,1
B0354,Sat,evening,2,Business,hot_chocolate,L,sandwich,yes,campus_card,no,7.32,4,682,0.24,5,3.6,3
B0187,Mon,evening,1,Design,cappuccino,S,none,yes,card,no,2.36,5,111,0.51,5,3.2,2
B0056,Thu,afternoon,2,Bio,tea,M,croissant,no,card,no,3.99,6,275,,5,3.2,1
B0023,Mon,afternoon,4,CS,smoothie,L,croissant,no,cash,no,6.93,11,599,0.26,3,0.5,2
B0144,Thu,evening,3,CS,cappuccino,L,cookie,yes,card,no,4.51,5,334,0.31,4,2.4,2
B0224,Mon,afternoon,3,Arts,tea,M,soup,no,campus_card,no,5.69,8,195,0.2,4,4.1,0
B0115,Fri,evening,3,Law,smoothie,S,salad,no,card,no,7.51,5,471,0.81,5,5.0,0
B0330,Sun,morning,4,Design,smoothie,L,soup,no,card,no,8.19,4,523,0.7,3,1.8,1
B0267,Fri,morning,4,Bio,americano,M,none,no,card,no,2.66,5,7,,3,1.2,1
B0089,Wed,evening,3,Arts,cappuccino,L,none,yes,cash,no,3.14,3,154,0.5,5,6.1,1
B0073,Tue,late_night,2,CS,cold_brew,S,none,no,card,yes,3.04,4,19,1.04,4,3.0,3
B0004,Sat,afternoon,4,Arts,cappuccino,M,none,yes,campus_card,no,2.65,3,130,0.67,4,2.8,1
B0096,Mon,evening,3,Law,cold_brew,L,sandwich,no,campus_card,no,8.83,9,447,0.38,3,4.6,4
B0099,Sun,morning,1,Arts,hot_chocolate,L,cookie,no,card,no,4.96,9,439,0.88,3,1.5,2
B0319,Tue,morning,2,CS,latte,M,cookie,yes,cash,no,4.12,9,342,0.37,3,2.4,2
B0110,Tue,morning,2,Law,americano,M,croissant,no,campus_card,no,4.4,8,296,0.29,5,2.7,1
B0219,Thu,evening,3,Business,cappuccino,L,none,yes,card,no,3.41,2,137,0.5,5,4.1,0
B0184,Sat,afternoon,3,Design,hot_chocolate,L,none,yes,campus_card,no,3.25,1,272,1.31,5,4.2,3
B0038,Sun,morning,1,Bio,smoothie,M,sandwich,no,cash,no,8.39,8,691,0.78,3,2.7,1
B0204,Thu,morning,4,CS,latte,L,sandwich,no,card,yes,8.46,5,594,0.53,5,3.7,4
B0185,Sun,morning,2,CS,hot_chocolate,S,croissant,yes,campus_card,yes,4.15,10,471,0.89,4,3.6,2
B0273,Tue,morning,3,Bio,tea,M,croissant,no,cash,no,3.98,9,283,0,4,3.2,1
B0315,Sat,late_night,1,CS,smoothie,L,salad,no,card,no,9.03,7,555,0.89,4,3.8,0
B0252,Sun,morning,2,Arts,hot_chocolate,M,none,no,card,no,2.9,7,229,0,4,3.7,0
B0356,Sat,evening,3,Bio,americano,S,salad,no,card,no,6.23,9,261,0.82,4,5.2,1
B0202,Thu,morning,3,Law,tea,M,salad,no,card,no,6.12,7,261,0.3,4,4.7,2
B0263,Thu,late_night,2,Bio,cold_brew,M,croissant,yes,cash,no,4.96,7,288,0.14,3,3.8,1
B0045,Thu,afternoon,2,Design,hot_chocolate,S,croissant,yes,card,no,4.14,7,481,,4,2.5,0
B0310,Sun,afternoon,4,Arts,latte,M,sandwich,yes,campus_card,no,6.99,9,564,0.59,3,2.6,2
B0043,Tue,morning,3,Bio,latte,S,croissant,yes,card,no,4.38,5,422,0.75,4,1.9,2
B0012,Fri,afternoon,3,Arts,tea,M,salad,yes,card,no,5.59,7,259,,,4.5,1
B0101,Sat,evening,1,Bio,cappuccino,M,sandwich,no,card,no,7.48,6,541,0.04,4,3.4,1
B0143,Sat,late_night,1,Arts,smoothie,M,sandwich,yes,card,no,7.68,5,687,0.33,3,3.4,2
B0114,Sat,afternoon,1,Design,latte,S,sandwich,yes,campus_card,no,6.55,10,551,0.34,3,6.2,1
B0270,Thu,evening,1,Bio,americano,M,croissant,no,cash,yes,4.52,7,285,0.49,3,3.2,3
B0100,Sat,evening,4,Law,cold_brew,L,none,yes,card,no,3.88,8,19,0.74,3,7.4,1
B0029,Thu,afternoon,1,Design,cappuccino,M,salad,yes,cash,yes,6.24,6,362,0,4,4.2,1
B0119,Sat,evening,1,Law,smoothie,M,sandwich,no,card,yes,8.52,5,691,0.42,4,1.2,1
B0048,Thu,afternoon,4,Bio,latte,M,croissant,no,cash,yes,5.3,8,429,0,3,3.2,0
B0183,Sun,afternoon,2,Business,smoothie,M,none,no,campus_card,no,4.11,2,272,0.62,5,3.0,3
B0229,Fri,evening,1,Law,americano,M,salad,no,card,yes,6.44,6,261,0.89,5,2.9,1
B0113,Fri,late_night,3,CS,latte,M,none,no,card,no,3.12,9,152,0.02,4,2.9,2
B0206,Fri,morning,2,Bio,hot_chocolate,M,croissant,no,card,yes,4.8,9,490,0.63,3,1.6,0
B0305,Thu,afternoon,1,Law,cold_brew,L,sandwich,no,campus_card,no,8.78,6,426,0.43,4,5.6,1
B0158,Mon,afternoon,4,Bio,cold_brew,M,none,no,campus_card,no,3.75,7,9,0.21,5,6.7,1
B0327,Tue,morning,2,Bio,tea,L,none,no,card,yes,2.32,6,9,0.94,5,7.8,2
B0283,Thu,morning,2,Arts,smoothie,L,sandwich,yes,campus_card,no,8.4,5,747,0,5,4.9,1
B0072,Mon,afternoon,1,Law,tea,M,croissant,yes,card,no,3.72,4,276,0.64,5,7.8,0
B0021,Wed,late_night,1,Business,cold_brew,M,salad,no,card,no,7.69,8,264,1.23,3,5.8,3
B0246,Fri,evening,3,Bio,cappuccino,L,none,no,card,no,3.69,5,139,0,3,2.5,0
B0058,Fri,late_night,1,Design,smoothie,S,salad,no,card,no,7.55,7,478,,4,2.5,1
B0174,Mon,evening,2,Bio,latte,S,none,yes,card,no,2.48,1,119,0.76,5,5.4,2
B0227,Wed,morning,3,Law,smoothie,L,sandwich,no,card,no,9.23,2,727,0.92,5,3.2,0
B0290,Mon,morning,2,Law,hot_chocolate,S,none,no,campus_card,yes,2.26,4,180,0.29,4,2.1,1
B0313,Sun,afternoon,2,Arts,tea,L,sandwich,no,campus_card,no,6.93,9,417,0,4,2.4,2
B0149,Fri,evening,2,CS,smoothie,M,none,yes,campus_card,no,3.78,4,269,0.32,3,2.3,1
B0243,Thu,afternoon,3,CS,tea,M,none,no,card,no,2.06,2,10,,4,0.8,0
B0152,Tue,morning,2,Arts,americano,M,none,no,cash,no,2.58,5,22,0.69,4,3.1,2
B0170,Tue,afternoon,2,Design,latte,L,none,no,card,yes,3.87,3,195,0.81,4,5.5,1
B0260,Tue,morning,1,Law,cold_brew,L,none,yes,cash,no,4.01,6,16,0.32,5,3.2,1
B0280,Fri,late_night,3,CS,americano,M,none,yes,campus_card,yes,2.48,4,8,0.68,4,3.9,1
B0003,Thu,late_night,3,Design,tea,S,none,no,campus_card,yes,1.64,4,1,0.74,4,2.7,1
B0080,Fri,evening,3,Business,hot_chocolate,L,none,no,card,no,3.47,6,256,1.0,4,5.2,2
B0164,Thu,afternoon,4,CS,smoothie,S,croissant,yes,card,no,4.73,10,507,0.83,3,6.1,2
B0353,Wed,morning,1,Design,smoothie,S,none,yes,campus_card,yes,2.96,5,235,0.29,3,6.1,2
B0075,Tue,afternoon,3,Business,hot_chocolate,S,cookie,yes,card,no,3.39,3,368,0.55,3,6.8,2
B0256,Tue,late_night,2,Law,cold_brew,M,none,yes,card,no,3.19,4,24,0.92,3,3.9,1
B0208,Wed,morning,3,Business,cold_brew,M,none,yes,card,no,3.05,5,20,0,4,5.7,0
B0013,Sat,morning,1,Law,cold_brew,L,sandwich,no,campus_card,no,8.89,8,434,0.95,4,3.0,0
B0063,Sat,evening,4,CS,smoothie,M,sandwich,no,card,yes,8.58,10,676,0.85,2,2.4,0
B0155,Sun,evening,2,CS,latte,S,salad,no,campus_card,yes,6.92,7,374,1.15,4,1.3,1
B0274,Tue,evening,4,Arts,cold_brew,M,none,yes,campus_card,no,3.3,6,24,0.68,5,5.0,0
B0084,Thu,morning,1,Business,tea,M,croissant,no,card,no,4.11,9,297,0.28,4,1.1,1
B0277,Sun,afternoon,2,CS,latte,M,none,yes,card,no,3.05,4,154,0,4,3.2,1
B0230,Thu,evening,2,Arts,smoothie,S,sandwich,no,campus_card,no,8.02,5,634,1.3,3,4.7,1
B0344,Tue,afternoon,2,Bio,cold_brew,M,none,no,card,no,3.49,4,6,0.25,4,1.4,1
B0358,Sun,afternoon,3,Design,cold_brew,M,sandwich,no,card,no,8.12,8,431,0.49,4,3.9,1
B0177,Sat,morning,1,Bio,cold_brew,L,none,yes,campus_card,no,3.92,4,7,0.61,3,6.1,1
B0325,Thu,evening,1,Law,cold_brew,S,none,yes,campus_card,no,2.61,5,23,0.39,5,2.8,3
B0018,Tue,morning,3,Design,americano,L,none,no,card,no,2.87,2,8,0.11,4,4.5,4
B0288,Sun,morning,3,CS,cold_brew,M,sandwich,no,campus_card,yes,8.06,7,436,1.01,4,3.0,2
B0106,Sun,morning,1,Design,tea,L,salad,no,cash,no,6.48,8,267,0.26,4,4.5,1
B0095,Fri,evening,3,Arts,tea,L,none,no,campus_card,no,2.62,3,0,0.61,3,4.8,1
B0190,Fri,morning,2,Business,hot_chocolate,M,none,no,card,no,2.74,4,212,0.72,3,1.1,1
B0347,Wed,late_night,2,CS,americano,L,sandwich,yes,campus_card,yes,6.75,8,446,0.83,4,3.7,2
B0226,Tue,evening,1,Bio,cold_brew,M,sandwich,no,campus_card,no,7.98,7,428,0.58,4,6.4,3
B0065,Mon,evening,2,Design,hot_chocolate,S,none,no,card,no,2.61,7,198,0.76,3,3.3,4
B0295,Sun,morning,2,Arts,americano,L,none,yes,card,no,2.8,5,33,1.56,5,3.9,1
B0163,Tue,afternoon,4,Bio,smoothie,S,cookie,no,card,no,4.78,7,402,0.56,4,3.5,3
B0022,Tue,evening,4,Design,tea,M,cookie,no,cash,no,3.69,7,183,0.32,5,7.3,1
B0060,Tue,morning,3,Arts,cappuccino,M,sandwich,no,card,yes,7.36,9,550,0.3,5,4.9,3
B0122,Sat,late_night,2,Bio,cappuccino,M,salad,no,card,no,6.96,10,363,0.38,4,3.9,2
B0335,Sun,morning,1,Bio,smoothie,L,croissant,yes,campus_card,no,6.24,10,585,0.47,4,2.4,4
B0079,Fri,late_night,2,Design,hot_chocolate,M,none,no,campus_card,no,2.67,3,220,0.37,5,4.8,1
B0090,Fri,evening,4,CS,cold_brew,S,salad,yes,card,yes,6.14,9,265,0.43,4,3.9,2
B0094,Tue,afternoon,3,Arts,cappuccino,M,sandwich,no,card,no,7.38,8,540,0.85,3,2.9,0
B0147,Mon,evening,4,Arts,smoothie,S,cookie,yes,card,yes,4.48,8,403,0.53,4,3.1,2
B0275,Wed,late_night,3,Law,cappuccino,S,salad,no,card,no,6.48,10,348,0.15,4,3.6,1
B0083,Wed,afternoon,3,Arts,smoothie,L,soup,no,card,yes,8.54,8,508,0,3,6.5,4
B0317,Thu,evening,1,Law,hot_chocolate,S,none,no,card,no,2.27,4,177,0.02,3,2.9,3
B0086,Sun,evening,1,Bio,smoothie,M,none,no,card,no,4.03,5,258,0.6,4,4.3,3
B0234,Mon,evening,3,Design,cappuccino,L,none,no,card,no,3.6,4,139,0.52,4,3.6,1
B0146,Tue,late_night,1,Design,latte,S,soup,yes,campus_card,no,5.59,9,331,0.92,4,4.7,2
B0181,Fri,late_night,2,Business,latte,L,none,no,card,no,4.04,2,185,0.61,4,3.6,2
B0076,Mon,morning,3,Arts,cappuccino,S,sandwich,yes,campus_card,no,6.38,6,532,,4,5.3,1
B0025,Fri,afternoon,1,Design,hot_chocolate,M,croissant,yes,campus_card,no,4.3,4,506,0.79,3,4.0,2
B0148,Wed,evening,1,Business,americano,M,croissant,yes,campus_card,no,3.93,10,290,,3,4.2,0
B0191,Fri,afternoon,2,Law,latte,L,cookie,no,campus_card,no,5.28,6,372,0.93,5,3.9,1
B0248,Sat,evening,4,Law,latte,S,sandwich,no,campus_card,no,7.33,5,538,0.55,4,2.3,3
B0117,Thu,evening,3,Design,smoothie,L,sandwich,no,card,no,9.34,2,733,0.89,3,4.8,1
B0134,Thu,morning,4,Arts,latte,L,none,no,cash,no,3.73,3,192,0.23,5,2.7,0
B0088,Wed,afternoon,3,Law,americano,M,none,no,card,no,2.55,6,17,0.57,4,3.5,1
B0157,Fri,evening,1,Bio,cold_brew,S,croissant,no,cash,no,4.94,6,293,0.2,4,0.4,2
B0068,Wed,morning,1,CS,americano,M,croissant,yes,card,no,4.22,6,306,,5,4.5,2
B0291,Wed,afternoon,2,Bio,latte,L,none,no,card,no,3.78,4,193,0.41,4,2.9,0
B0156,Thu,morning,3,CS,tea,M,none,no,campus_card,no,2.2,2,19,0.71,4,3.3,4
B0235,Sat,evening,4,Arts,smoothie,S,sandwich,no,campus_card,yes,8.1,7,649,,3,2.7,3
B0228,Mon,morning,1,Design,cappuccino,S,sandwich,no,campus_card,yes,7.27,5,527,0.26,,1.7,0
B0281,Sat,evening,1,Business,hot_chocolate,M,sandwich,no,card,no,7.23,3,632,0.64,3,3.9,1
B0272,Tue,morning,3,Design,americano,M,sandwich,no,cash,no,6.91,7,434,0.24,4,6.2,2
B0357,Thu,late_night,2,Design,tea,L,cookie,no,campus_card,yes,4.0,5,192,,5,3.8,1
B0341,Fri,late_night,2,Bio,smoothie,M,none,no,cash,no,4.05,1,274,0.51,4,3.0,0
B0304,Wed,morning,3,Business,latte,S,sandwich,no,card,no,7.33,7,539,0.4,4,4.9,1
B0249,Thu,evening,3,Arts,cappuccino,M,salad,no,card,no,7.16,8,379,0.52,4,2.7,0
B0168,Thu,afternoon,1,CS,tea,L,none,no,campus_card,yes,2.55,8,0,0.61,4,5.2,1
B0331,Mon,morning,4,Law,cold_brew,S,croissant,no,card,no,5.14,8,301,0.69,,2.7,2
B0336,Wed,late_night,3,Design,cold_brew,M,none,no,card,no,3.65,4,6,0.14,3,3.5,4
B0176,Sat,morning,1,Business,latte,S,salad,no,card,no,6.83,6,367,0.47,4,3.5,2
B0297,Wed,afternoon,1,Law,tea,M,none,no,card,yes,2.13,7,8,0.14,5,3.4,0
