trip_id,day_of_week,commute_mode,distance_km,leave_hour,buffer_minutes,sleep_hours,raining,temperature_c,traffic_index,backpack_kg,phone_battery,woke_late,is_late
T0001,Thu,walk,2.38,8,8,8.2,0,20.7,8,4.2,40,0,1
T0002,Tue,scooter,3.85,16,45,7.3,0,24.1,6,4.6,59,0,0
T0003,Mon,walk,1.12,9,48,7.5,0,24.0,4,4.9,36,0,0
T0004,Wed,bike,3.24,16,24,5.8,0,21.7,8,4.7,64,0,1
T0005,Fri,scooter,6.38,8,15,6.8,0,15.1,8,4.1,64,0,1
T0006,Thu,scooter,3.43,14,10,4.5,1,4.7,7,5.8,67,0,1
T0007,Thu,walk,4.48,7,27,7.1,0,20.2,6,2.7,77,0,1
T0008,Tue,walk,2.09,8,40,6.0,0,13.9,6,6.5,18,0,0
T0009,Fri,walk,0.47,14,21,6.7,0,20.7,4,2.6,85,0,0
T0010,Tue,walk,5.71,16,40,6.2,0,16.1,6,3.1,49,0,1
T0011,Wed,bike,4.06,8,14,3.7,0,15.2,7,4.0,83,0,1
T0012,Fri,scooter,3.38,17,35,6.3,0,23.1,8,3.4,29,0,0
T0013,Tue,bike,3.62,8,6,6.9,0,13.8,8,5.2,45,0,1
T0014,Wed,bike,4.28,12,53,7.5,1,15.2,4,3.4,39,0,0
T0015,Mon,bus,5.22,10,49,5.9,1,9.2,6,2.0,57,0,0
T0016,Tue,bus,4.21,15,5,7.7,0,12.9,3,5.5,71,0,1
T0017,Tue,walk,5.21,9,51,5.8,1,15.1,7,2.5,34,0,1
T0018,Tue,walk,4.03,10,27,6.0,0,17.0,5,4.3,21,0,1
T0019,Wed,walk,5.44,8,3,6.5,0,21.6,5,5.2,80,1,1
T0020,Tue,scooter,6.0,10,14,5.7,0,23.3,6,3.6,56,0,1
T0021,Mon,walk,1.13,7,38,5.3,1,10.9,7,3.1,58,0,0
T0022,Tue,bike,5.97,10,37,5.3,0,19.3,7,0.6,52,0,0
T0023,Mon,walk,6.15,8,17,7.2,0,15.7,5,3.7,59,0,1
T0024,Tue,bus,6.13,12,3,7.9,0,21.7,7,3.5,45,1,1
T0025,Mon,bike,3.03,10,31,7.2,1,16.1,9,3.7,35,0,0
T0026,Wed,bus,1.09,15,11,7.8,0,16.5,9,4.6,88,0,0
T0027,Mon,walk,3.54,10,3,6.4,0,26.8,7,2.7,57,1,1
T0028,Tue,walk,1.14,7,31,6.3,1,11.7,8,2.3,52,0,1
T0029,Mon,bus,6.09,12,53,7.2,0,23.2,5,6.4,90,0,0
T0030,Tue,bike,3.3,16,34,7.0,1,6.7,8,4.3,36,1,1
T0031,Thu,bus,5.78,13,14,10,1,11.1,9,3.7,59,1,1
T0032,Fri,bus,2.12,8,7,7.3,0,21.0,7,3.2,,0,1
T0033,Mon,scooter,5.78,8,5,6.5,0,19.8,5,2.5,,0,1
T0034,Thu,bus,0.54,9,10,7.4,0,9.8,5,2.1,25,0,0
T0035,Fri,scooter,3.41,9,46,8.3,0,25.4,4,3.4,72,0,0
T0036,Mon,bike,5.31,14,50,8.0,0,16.7,4,4.3,57,0,0
T0037,Mon,bus,0.71,7,48,6.8,0,21.9,9,5.1,50,0,0
T0038,Wed,bike,0.85,9,53,6.4,0,17.1,1,1.9,55,0,0
T0039,Wed,walk,4.32,7,26,6.7,0,26.2,5,3.4,64,0,1
T0040,Wed,bike,4.72,9,34,6.7,1,18.3,7,3.2,63,0,0
T0041,Wed,bike,6.31,10,29,7.6,0,29.7,5,3.1,82,0,0
T0042,Thu,scooter,4.69,8,36,8.6,0,24.6,9,2.8,34,0,0
T0043,Wed,bike,5.53,7,17,7.1,1,9.9,6,0.5,75,1,1
T0044,Fri,bike,3.01,9,22,7.3,0,20.1,4,4.6,48,0,0
T0045,Thu,walk,5.19,10,53,4.8,1,3.9,4,2.7,19,0,1
T0046,Tue,bike,0.7,16,15,7.5,0,15.7,7,3.2,1,0,0
T0047,Thu,bus,2.81,8,9,7.5,0,28.5,6,6.9,30,0,1
T0048,Tue,scooter,3.79,9,21,7.5,1,12.3,7,4.6,39,0,1
T0049,Thu,bus,0.78,9,5,6.2,1,6.3,7,2.9,35,1,1
T0050,Thu,bike,2.99,14,24,7.6,1,10.1,7,6.8,33,1,0
T0051,Mon,scooter,1.77,8,11,8.7,0,15.1,6,1.7,66,0,1
T0052,Tue,bus,4.76,16,21,6.8,0,10.2,7,4.6,65,0,1
T0053,Mon,bike,4.07,7,34,6.6,1,16.3,7,5.5,88,0,1
T0054,Thu,bike,3.44,12,10,6.3,0,12.4,2,3.6,60,0,1
T0055,Wed,bike,0.44,9,22,8.2,0,20.4,6,2.5,56,1,0
T0056,Thu,scooter,5.87,10,47,5.7,0,8.7,3,3.8,56,0,0
T0057,Thu,bus,2.8,15,25,6.3,1,-5.2,6,4.4,86,0,0
T0058,Wed,walk,2.42,8,10,7.2,0,10.6,9,6.4,94,0,1
T0059,Thu,bike,5.3,8,35,7.3,0,23.9,4,5.8,55,0,0
T0060,Mon,bus,3.23,14,21,8.6,0,24.3,6,2.6,70,0,0
T0061,Thu,walk,2.33,9,51,6.9,0,6.9,6,3.4,49,0,0
T0062,Wed,scooter,5.97,14,21,5.4,0,20.7,3,4.7,21,1,1
T0063,Thu,bike,5.17,7,30,6.8,0,14.2,8,3.9,100,0,1
T0064,Mon,bike,0.99,10,33,4.2,0,21.7,7,4.4,44,0,0
T0065,Tue,bus,2.1,9,36,6.7,0,23.4,6,4.8,44,1,0
T0066,Wed,walk,4.36,8,7,8.0,0,8.9,6,5.4,13,0,1
T0067,Mon,bus,4.06,14,9,5.0,0,25.2,5,6.3,32,0,1
T0068,Tue,scooter,2.47,7,7,5.2,0,16.0,5,4.9,56,0,1
T0069,Thu,scooter,0.59,10,9,4.9,0,22.9,7,5.1,47,0,0
T0070,Thu,bike,6.21,9,27,5.5,0,26.5,6,4.2,25,0,1
T0071,Thu,scooter,5.9,10,10,4.6,0,23.8,6,3.7,81,0,1
T0072,Tue,walk,1.29,9,7,7.8,1,16.5,8,4.9,1,1,0
T0073,Tue,scooter,3.34,7,45,4.7,0,25.0,6,2.7,32,0,0
T0074,Fri,walk,3.85,7,3,5.6,0,20.7,6,3.0,8,1,1
T0075,Wed,bike,5.51,8,34,5.1,0,15.8,3,4.5,32,0,0
T0076,Thu,walk,3.39,8,44,7.3,1,9.0,7,2.7,56,0,1
T0077,Thu,scooter,3.48,12,45,8.8,0,26.2,5,2.9,32,0,0
T0078,Tue,scooter,4.15,13,17,4.9,0,21.1,5,4.6,18,0,1
T0079,Wed,walk,5.01,8,44,6.4,0,27.1,1,3.4,42,0,1
T0080,Wed,walk,2.86,12,33,6.2,0,11.7,8,3.3,92,1,1
T0081,Fri,bus,3.94,15,21,8.6,0,17.7,6,2.3,66,0,1
T0082,Mon,bike,4.15,16,38,7.7,0,8.8,2,1.5,38,0,0
T0083,Fri,walk,2.17,12,37,6.5,0,19.2,5,3.2,,0,1
T0084,Mon,walk,3.96,11,28,7.3,0,15.3,6,4.6,,0,1
T0085,Fri,scooter,4.46,9,21,7.2,1,11.7,9,2.2,,0,1
T0086,Tue,bus,0.67,11,16,6.0,0,26.1,7,5.5,57,0,0
T0087,Fri,scooter,4.32,12,44,7.3,0,21.8,9,4.5,97,0,0
T0088,Wed,bus,4.92,10,11,6.9,0,16.4,5,6.3,23,0,1
T0089,Tue,bike,3.78,10,38,7.9,1,11.3,7,3.1,53,0,0
T0090,Fri,scooter,4.95,9,29,7.8,0,18.7,9,1.8,30,0,0
T0091,Tue,scooter,4.66,15,51,7.1,1,22.3,5,4.8,58,0,0
T0092,Fri,walk,2.5,8,6,7.0,0,15.5,3,2.6,21,0,1
T0093,Mon,walk,6.22,11,3,8.4,0,12.2,4,4.3,96,1,1
T0094,Wed,bike,4.98,12,11,7.3,0,19.9,3,3.1,74,0,1
T0095,Thu,bike,4.77,9,54,8.3,1,10.7,6,3.2,45,0,1
T0096,Mon,scooter,3.85,13,10,6.7,0,16.8,7,2.2,,0,1
T0097,Tue,bus,3.4,14,36,4.1,0,11.1,5,3.1,44,0,0
T0098,Mon,walk,5.21,13,11,6.8,0,14.9,7,0.8,83,0,1
T0099,Fri,scooter,3.01,11,29,8.6,1,11.2,8,5.0,42,0,1
T0100,Tue,bike,5.54,12,25,5.8,0,10.0,7,2.8,49,0,1
T0101,Tue,walk,5.0,14,4,6.2,1,-1.4,5,2.6,52,1,0
T0102,Thu,bike,1.02,9,55,10,0,16.8,7,6.2,85,0,1
T0103,Tue,walk,5.61,10,37,7.9,0,17.5,5,6.1,74,0,1
T0104,Thu,scooter,2.97,8,46,6.0,1,13.2,4,4.9,28,0,0
T0105,Thu,walk,4.67,15,37,5.1,0,22.6,7,2.0,22,1,1
T0106,Mon,bike,0.46,14,3,6.6,0,15.1,5,4.3,3,1,0
T0107,Thu,scooter,4.78,10,55,7.6,0,12.7,7,3.1,4,0,0
T0108,Mon,scooter,4.29,8,30,6.5,0,27.9,7,1.8,31,0,0
T0109,Fri,walk,6.13,11,30,6.0,1,12.7,10,4.7,47,0,1
T0110,Tue,scooter,5.47,14,34,4.5,1,12.4,4,3.8,30,0,1
T0111,Thu,bike,1.95,10,25,8.9,0,18.1,6,4.9,48,1,0
T0112,Mon,walk,5.61,7,41,6.4,1,12.6,6,4.6,27,0,1
T0113,Fri,bike,2.19,12,14,7.3,0,15.5,6,2.4,77,0,0
T0114,Mon,bike,4.48,15,45,9.2,1,14.5,9,0.9,,0,1
T0115,Mon,bike,1.83,8,40,8.2,0,20.0,3,3.6,,0,0
T0116,Mon,walk,2.21,10,31,7.8,1,10.6,6,2.0,79,0,0
T0117,Wed,bike,2.42,17,35,4.0,0,19.0,5,1.3,34,0,0
T0118,Fri,bus,2.13,9,40,8.7,0,16.9,7,2.1,55,0,0
T0119,Fri,bike,3.4,8,25,6.6,1,9.5,10,6.3,75,0,1
T0120,Fri,scooter,0.44,8,26,5.7,0,13.2,3,5.4,38,1,0
T0121,Wed,scooter,4.47,10,16,7.5,0,19.9,6,0.5,63,0,1
T0122,Mon,bike,5.66,8,25,6.3,0,12.0,5,5.1,41,0,1
T0123,Fri,scooter,4.64,9,5,6.1,1,5.9,6,2.7,80,0,1
T0124,Fri,walk,0.49,7,47,7.9,0,20.1,5,4.1,46,0,0
T0125,Thu,scooter,1.54,7,44,6.2,1,2.4,9,4.6,32,1,0
T0126,Thu,bus,0.47,7,48,4.4,1,15.8,7,3.4,41,0,0
T0127,Thu,bus,6.19,13,28,8.5,0,29.3,7,3.2,25,1,0
T0128,Fri,bus,2.44,9,29,8.3,0,20.1,4,0.5,17,1,0
T0129,Thu,bike,5.82,9,29,4.6,1,5.6,7,3.6,,0,1
T0130,Fri,bike,2.16,8,41,9.2,0,26.8,5,0.9,43,0,0
T0131,Wed,walk,5.26,8,51,7.7,0,16.5,5,1.9,52,0,1
T0132,Tue,bike,3.67,9,19,6.7,0,14.2,5,4.2,38,0,1
T0133,Wed,bus,1.5,13,41,5.6,0,16.0,6,3.9,,0,0
T0134,Tue,scooter,2.33,7,38,5.9,0,20.8,6,4.9,,0,0
T0135,Mon,walk,3.0,16,42,8.2,0,6.3,7,3.8,60,0,1
T0136,Tue,bike,3.37,15,9,6.9,1,4.8,4,3.3,45,0,0
T0137,Mon,bus,4.49,9,7,6.1,1,14.7,9,6.9,94,1,1
T0138,Fri,bike,3.53,13,35,5.2,0,23.1,8,5.7,42,0,0
T0139,Thu,bus,3.27,9,12,5.9,0,21.5,7,0.5,52,0,0
T0140,Mon,bus,1.75,16,28,6.0,1,15.5,8,6.5,83,0,0
T0141,Tue,walk,5.42,10,28,7.4,0,20.8,5,1.5,52,0,1
T0142,Tue,walk,5.52,9,21,8.1,0,13.5,9,6.8,95,0,1
T0143,Mon,bus,1.13,13,32,10,1,11.0,8,4.3,85,0,0
T0144,Thu,walk,3.1,10,13,3.7,0,21.0,1,3.2,75,0,1
T0145,Wed,bike,1.24,8,19,6.6,0,14.8,8,4.6,60,0,0
T0146,Wed,bike,1.57,9,3,7.4,0,8.5,5,5.2,41,1,1
T0147,Fri,bike,2.9,14,31,6.7,1,15.2,6,4.2,67,1,1
T0148,Thu,walk,2.58,8,25,5.9,1,16.4,5,4.6,44,0,1
T0149,Mon,walk,5.31,8,10,6.9,0,21.1,5,6.4,87,0,1
T0150,Fri,bike,4.28,10,49,5.8,0,16.7,6,4.1,70,0,0
T0151,Mon,walk,1.14,9,39,4.6,0,12.6,3,2.3,75,0,0
T0152,Wed,scooter,3.61,9,38,6.3,0,10.2,8,2.8,13,1,1
T0153,Thu,walk,3.56,16,27,6.8,0,23.2,4,5.0,64,0,1
T0154,Fri,scooter,2.82,17,45,8.6,0,31.4,5,6.6,66,0,0
T0155,Mon,scooter,6.04,12,3,5.4,1,11.3,6,4.8,,1,1
T0156,Fri,scooter,4.0,16,12,8.0,0,26.3,3,2.4,46,0,1
T0157,Mon,bus,4.64,8,17,5.6,1,10.6,6,5.2,55,0,1
T0158,Wed,bus,3.97,7,15,7.7,1,12.5,9,2.2,55,0,1
T0159,Tue,bike,3.76,12,33,5.9,1,7.0,5,5.7,26,0,1
T0160,Tue,scooter,4.13,9,38,7.8,0,25.0,2,4.8,54,0,0
T0161,Mon,scooter,2.9,11,36,3.5,0,27.4,6,2.5,37,0,0
T0162,Tue,bike,2.19,9,43,7.8,0,14.2,8,4.6,34,0,0
T0163,Thu,bike,3.06,9,10,7.3,1,8.0,6,2.8,97,0,1
T0164,Thu,bike,5.86,9,54,4.7,0,14.1,4,4.7,23,0,0
T0165,Tue,scooter,2.54,16,9,6.2,0,17.6,4,4.7,79,0,1
T0166,Mon,bike,6.48,9,52,6.5,1,14.1,8,6.5,49,0,1
T0167,Mon,bike,2.49,16,31,5.7,1,7.5,8,6.8,34,0,0
T0168,Fri,bus,4.28,7,5,5.5,1,9.3,9,4.9,55,0,1
T0169,Tue,scooter,1.47,14,22,8.7,0,10.3,6,4.3,75,0,0
T0170,Tue,bike,1.44,11,34,8.6,0,18.6,5,6.2,57,0,0
T0171,Mon,bike,2.03,8,42,7.6,0,19.3,7,3.6,26,0,1
T0172,Mon,bike,6.08,15,5,7.5,1,13.7,5,0.5,21,0,1
T0173,Tue,bike,4.78,8,30,7.9,1,7.9,7,4.5,,0,1
T0174,Thu,bike,2.44,15,30,6.9,0,23.1,5,5.2,40,0,0
T0175,Thu,scooter,0.61,12,14,6.8,0,20.6,2,2.7,75,0,0
T0176,Wed,bus,4.81,9,18,4.8,0,14.7,6,5.0,29,0,1
T0177,Thu,bus,6.44,11,43,6.1,1,11.8,6,2.9,89,0,1
T0178,Wed,bike,4.74,13,19,7.2,0,16.7,5,2.1,47,0,1
T0179,Tue,scooter,0.94,9,50,5.8,1,14.8,4,4.0,67,0,0
T0180,Wed,walk,4.61,15,47,6.5,0,-3.4,7,0.7,82,0,1
T0181,Wed,walk,4.88,13,30,7.5,0,18.7,5,5.0,18,0,1
T0182,Mon,scooter,3.44,11,15,4.5,0,7.6,4,5.6,79,1,1
T0183,Thu,scooter,0.69,8,7,7.0,1,8.7,7,2.8,85,0,0
T0184,Tue,walk,2.53,16,26,6.8,0,17.3,2,2.3,37,0,1
T0185,Tue,bus,6.06,8,17,8.7,1,14.1,7,5.5,38,0,1
T0186,Thu,bike,2.91,8,13,6.5,0,16.0,3,3.6,71,0,0
T0187,Tue,bus,4.66,8,14,6.0,0,16.1,7,4.6,35,0,1
T0188,Mon,bike,1.1,9,36,6.0,0,21.8,6,4.3,87,0,0
T0189,Fri,bike,3.87,9,3,8.2,1,13.6,4,3.7,52,1,1
T0190,Tue,walk,3.71,7,10,8.7,0,9.9,2,2.8,41,0,1
T0191,Wed,scooter,2.81,8,16,8.3,1,10.6,6,2.8,54,0,0
T0192,Thu,bus,2.35,9,17,5.6,1,12.0,7,5.8,79,1,0
T0193,Mon,bus,3.45,8,43,6.3,0,17.0,7,5.0,97,0,0
T0194,Mon,bus,2.67,7,55,6.5,0,19.2,6,5.9,66,0,0
T0195,Wed,walk,5.44,15,29,6.4,0,23.2,5,4.4,31,0,1
T0196,Thu,scooter,1.34,9,29,6.7,0,20.9,3,2.4,83,1,0
T0197,Wed,scooter,1.23,15,45,7.6,0,18.6,5,3.7,5,0,0
T0198,Tue,scooter,3.09,9,16,5.7,1,14.4,10,4.0,96,0,1
T0199,Mon,bike,3.38,11,39,6.2,0,16.9,5,3.2,58,0,0
T0200,Thu,walk,5.52,16,51,6.1,0,10.6,6,0.5,39,0,1
T0201,Thu,scooter,5.13,7,3,6.6,0,18.6,6,4.8,62,1,1
T0202,Wed,walk,6.0,15,28,6.5,1,7.4,9,2.2,17,0,1
T0203,Tue,bus,2.58,10,43,6.1,0,21.7,5,3.2,54,0,0
T0204,Thu,scooter,3.95,8,19,7.7,0,19.0,4,2.3,48,1,0
T0205,Mon,bus,3.68,13,22,7.0,0,17.7,7,5.0,82,0,0
T0206,Tue,walk,5.54,16,33,7.6,0,22.8,4,4.8,64,0,1
T0207,Mon,bike,1.44,9,26,5.7,0,15.7,8,3.6,55,0,0
T0208,Mon,walk,4.83,8,3,9.5,0,22.7,5,1.6,42,1,1
T0209,Mon,walk,1.62,10,45,8.7,1,17.2,7,6.3,42,0,0
T0210,Wed,bike,4.27,9,30,8.9,0,22.2,6,1.4,100,1,1
T0211,Wed,walk,2.53,8,47,5.4,0,19.6,5,4.4,51,0,0
T0212,Thu,bus,6.29,7,42,5.8,1,8.3,6,2.4,74,0,0
T0213,Mon,walk,5.52,9,22,8.1,1,8.2,6,2.7,43,0,1
T0214,Tue,bike,4.35,8,8,7.3,1,10.4,6,4.7,13,0,1
T0215,Wed,scooter,4.32,7,6,7.1,1,16.3,6,2.2,75,0,1
T0216,Mon,bus,4.14,14,30,9.1,0,17.2,6,5.3,42,0,0
T0217,Fri,bike,5.49,8,3,7.2,1,18.0,6,4.7,63,1,1
T0218,Wed,bike,4.92,8,35,6.2,1,12.7,5,4.1,1,0,1
T0219,Mon,bike,2.07,8,35,8.7,1,17.3,8,5.3,83,0,0
T0220,Mon,walk,1.65,14,43,6.1,0,19.8,6,3.2,5,0,0
T0221,Mon,walk,3.09,15,45,9.2,0,12.4,6,6.2,84,0,1
T0222,Tue,bike,0.77,11,29,7.5,1,9.5,6,3.5,72,0,0
T0223,Tue,bike,3.0,9,36,7.2,0,24.3,8,1.1,62,0,0
T0224,Wed,bus,5.83,8,44,5.8,0,11.7,6,4.3,44,0,0
T0225,Fri,bike,3.08,10,24,5.9,0,9.7,6,3.1,54,0,0
T0226,Mon,scooter,0.95,9,47,6.2,0,28.3,2,4.6,58,0,0
T0227,Tue,bike,1.81,10,51,10,0,19.9,6,2.9,53,0,0
T0228,Tue,bus,4.26,11,38,6.8,0,6.8,6,2.8,67,0,0
T0229,Mon,bike,1.48,9,7,6.9,1,13.5,8,3.1,39,0,1
T0230,Thu,bike,6.39,15,4,5.5,0,15.8,7,5.1,51,1,1
T0231,Mon,bus,4.11,16,49,5.8,0,14.9,6,4.3,60,0,0
T0232,Thu,scooter,4.34,11,34,6.6,1,20.3,7,4.7,34,0,0
T0233,Fri,scooter,4.93,9,9,5.6,0,21.8,5,2.2,29,0,1
T0234,Tue,bike,5.53,15,38,4.3,0,0.6,3,6.0,69,0,0
T0235,Thu,walk,1.86,8,47,5.0,1,13.8,10,1.5,26,0,1
T0236,Thu,bike,4.69,9,27,8.8,0,13.8,5,2.8,39,0,1
T0237,Wed,bike,3.32,14,38,8.0,0,24.1,4,3.3,60,0,1
T0238,Thu,bike,1.98,11,39,5.9,0,21.3,5,3.3,78,1,0
T0239,Thu,bus,6.25,9,28,8.6,0,14.2,8,4.2,31,0,1
T0240,Thu,bike,3.93,16,50,4.9,0,21.1,6,3.9,48,0,0
T0241,Mon,bike,5.9,13,11,5.6,0,14.9,6,2.1,31,0,1
T0242,Tue,walk,4.49,13,22,7.4,0,15.3,3,3.8,17,1,1
T0243,Thu,walk,1.02,8,18,6.4,0,17.3,5,1.7,,0,1
T0244,Wed,bike,4.22,9,38,6.2,1,14.4,9,2.8,53,0,1
T0245,Fri,walk,2.96,7,20,8.4,1,5.3,7,4.6,25,0,1
T0246,Fri,walk,1.26,16,9,4.3,0,16.0,3,3.5,52,1,1
T0247,Mon,bus,5.26,9,18,7.4,0,11.7,7,2.8,73,0,1
T0248,Wed,scooter,5.77,14,3,9.1,0,16.5,3,4.1,68,1,1
T0249,Wed,scooter,1.29,15,38,7.3,1,13.3,8,3.0,48,0,0
T0250,Wed,walk,6.04,8,33,5.4,0,18.7,8,2.6,80,0,1
T0251,Tue,scooter,1.33,14,30,7.9,0,17.3,5,5.8,20,0,0
T0252,Thu,bike,1.1,14,38,7.3,1,23.8,7,2.2,51,1,0
T0253,Fri,bus,2.11,9,39,6.8,0,14.6,6,0.8,60,0,0
T0254,Wed,walk,2.5,16,5,6.6,0,15.3,7,3.5,91,1,1
T0255,Tue,scooter,0.98,11,15,5.6,0,14.9,5,3.4,18,0,0
T0256,Tue,walk,4.88,9,10,8.1,0,23.6,2,2.6,56,0,1
T0257,Tue,bike,3.67,8,20,7.6,0,23.3,5,4.3,,0,1
T0258,Tue,scooter,1.86,8,3,6.6,0,19.7,3,3.1,40,1,1
T0259,Mon,scooter,4.21,8,12,8.3,0,21.3,3,1.9,58,0,1
T0260,Thu,bus,1.71,14,24,6.3,0,20.1,4,3.7,53,0,1
T0261,Mon,scooter,5.21,8,48,8.0,1,19.8,8,7.0,93,0,0
T0262,Wed,walk,5.15,15,43,6.8,0,20.2,8,5.1,23,0,1
T0263,Fri,scooter,3.4,14,13,6.7,0,25.7,7,4.1,66,0,0
T0264,Tue,scooter,3.53,13,39,7.9,0,16.7,5,4.1,16,0,0
T0265,Wed,scooter,3.83,15,48,7.1,0,17.0,4,4.9,65,0,0
T0266,Thu,bus,5.5,9,32,5.6,1,17.8,7,4.3,56,0,1
T0267,Thu,walk,1.29,11,27,5.7,0,21.5,3,7.8,32,0,1
T0268,Thu,bus,4.23,9,16,7.7,0,16.6,6,4.2,72,0,1
T0269,Tue,walk,5.74,14,17,8.9,0,7.7,9,3.7,16,0,1
T0270,Fri,walk,1.02,11,53,7.5,0,9.8,8,5.4,34,0,0
T0271,Mon,bike,2.2,9,45,5.6,1,1.1,9,4.4,94,0,0
T0272,Wed,bus,3.13,13,14,7.7,1,12.0,6,3.1,65,0,0
T0273,Thu,bike,3.92,7,16,6.8,0,10.8,6,2.2,33,0,0
T0274,Wed,scooter,4.3,10,17,6.4,0,17.5,7,0.8,36,1,1
T0275,Tue,bus,5.75,8,38,7.3,0,21.8,5,5.0,48,0,0
T0276,Fri,bus,6.06,9,21,9.5,0,14.2,8,2.7,56,0,1
T0277,Wed,scooter,4.29,14,7,8.1,0,24.9,3,2.6,27,0,1
T0278,Tue,bike,5.59,8,38,8.1,0,10.4,5,2.8,83,1,1
T0279,Thu,scooter,4.08,14,50,7.7,0,20.8,8,3.0,13,0,0
T0280,Tue,bike,2.79,14,16,8.7,0,23.1,8,0.5,81,0,1
T0281,Tue,bus,2.92,10,41,6.0,0,12.3,4,2.9,74,0,0
T0282,Mon,bus,5.88,15,46,8.4,0,16.3,8,4.6,39,0,0
T0283,Fri,walk,3.51,12,19,6.4,0,22.4,6,3.1,92,0,1
T0284,Mon,bus,4.24,8,37,7.9,0,12.0,6,3.7,49,0,0
T0285,Mon,scooter,6.11,16,29,7.0,1,18.3,6,7.7,57,1,1
T0286,Mon,bus,0.78,12,3,7.6,0,13.2,7,2.5,46,1,1
T0287,Tue,bike,6.42,7,41,7.8,0,22.1,5,1.8,65,0,1
T0288,Wed,bus,5.87,7,17,7.3,1,11.6,4,4.3,90,0,0
T0289,Wed,scooter,6.01,13,6,7.6,0,19.3,7,1.6,26,0,1
T0290,Tue,bike,2.56,8,16,6.2,0,16.9,6,2.9,18,0,0
T0291,Thu,bike,3.36,8,55,5.6,1,21.7,8,1.9,59,0,0
T0292,Mon,walk,4.73,16,32,7.8,1,11.6,6,4.9,40,0,1
T0293,Wed,bus,2.71,7,55,8.7,0,22.5,2,1.9,22,0,0
T0294,Fri,bike,1.65,8,9,4.9,0,23.3,7,4.2,65,1,0
T0295,Thu,walk,3.08,7,51,8.2,0,19.9,4,1.3,46,0,0
T0296,Tue,scooter,4.05,7,19,5.4,0,10.4,4,3.9,90,0,0
T0297,Thu,scooter,5.3,7,30,7.0,0,29.5,4,0.5,53,0,0
T0298,Thu,scooter,1.03,17,3,7.5,0,19.0,4,2.7,54,1,1
T0299,Fri,scooter,0.58,12,37,5.1,1,9.4,4,2.9,49,0,0
T0300,Mon,scooter,0.55,14,34,8.1,0,15.9,3,1.3,1,0,0
T0301,Wed,scooter,0.97,13,11,7.7,0,20.1,5,5.3,55,0,1
T0302,Mon,scooter,4.62,11,21,6.6,0,12.3,7,1.4,15,1,1
T0303,Wed,walk,0.59,13,32,6.9,0,16.4,5,4.7,58,0,0
T0304,Thu,walk,1.39,16,35,6.5,1,20.3,2,3.5,37,0,0
T0305,Mon,walk,3.72,9,26,9.0,0,18.1,5,4.0,63,0,1
T0306,Mon,bus,3.68,16,18,5.8,0,14.3,4,5.0,46,0,1
T0307,Wed,walk,5.01,15,21,6.2,1,13.0,5,2.1,55,0,1
T0308,Wed,scooter,4.62,8,44,5.8,1,7.8,5,2.3,30,0,0
T0309,Thu,bus,3.67,7,14,4.9,0,15.2,2,3.3,59,0,1
T0310,Mon,scooter,4.61,10,3,7.3,1,7.7,7,3.9,75,1,1
T0311,Mon,bike,2.45,12,3,7.3,1,13.0,6,2.3,61,1,1
T0312,Tue,bike,0.94,11,9,7.3,0,16.7,10,4.9,46,0,0
T0313,Tue,scooter,1.94,9,47,7.6,1,14.4,6,5.0,27,0,0
T0314,Mon,bike,1.87,15,5,4.6,0,13.1,3,3.5,,0,1
T0315,Thu,bike,3.4,9,35,9.3,0,12.9,7,3.9,4,0,1
T0316,Tue,bike,1.76,13,44,7.4,1,21.6,6,6.5,88,0,0
T0317,Mon,scooter,2.33,8,21,3.7,1,14.4,9,5.6,63,0,1
T0318,Fri,scooter,6.4,10,37,8.6,0,14.6,4,5.3,58,0,0
T0319,Tue,scooter,4.45,8,14,4.7,0,24.8,9,4.3,53,0,1
T0320,Mon,walk,3.14,15,33,6.6,1,14.3,5,3.1,68,0,1
T0321,Thu,walk,6.19,8,28,3.6,0,17.1,8,3.4,80,0,1
T0322,Mon,bus,6.26,9,16,10,0,17.5,5,2.8,64,0,1
T0323,Fri,bus,4.1,10,50,6.0,0,20.5,5,5.1,,0,0
T0324,Thu,scooter,2.98,8,33,7.7,1,11.9,9,3.7,67,0,0
T0325,Wed,bike,5.4,16,23,8.8,0,21.6,6,4.0,66,0,1
T0326,Fri,bus,1.89,12,48,5.0,1,22.3,4,3.7,63,0,0
T0327,Tue,scooter,6.24,12,28,7.8,1,11.0,7,3.0,36,0,1
T0328,Fri,bus,4.54,13,16,4.7,0,12.0,10,4.2,53,0,0
T0329,Wed,walk,5.89,8,33,5.6,1,17.7,8,4.3,74,1,1
T0330,Tue,scooter,0.87,11,41,7.8,0,13.3,8,2.3,91,0,0
T0331,Wed,bus,4.24,9,46,7.1,0,21.6,6,2.0,,0,0
T0332,Mon,bus,5.08,7,5,7.2,0,12.5,7,6.3,62,0,1
T0333,Wed,walk,1.8,9,55,7.1,0,17.9,10,1.8,73,0,0
T0334,Wed,walk,5.74,9,10,7.3,0,17.8,6,7.6,74,0,1
T0335,Mon,bike,1.55,16,8,6.8,0,8.4,5,3.8,58,0,1
T0336,Tue,bus,4.72,14,19,6.3,0,20.6,4,3.3,56,0,0
T0337,Thu,bike,1.87,8,38,4.8,0,16.3,5,2.4,19,0,0
T0338,Wed,scooter,4.44,9,8,5.0,0,19.3,2,2.7,1,0,1
T0339,Mon,walk,2.27,14,10,6.5,0,22.3,7,5.5,58,0,1
T0340,Fri,bike,2.61,13,24,7.4,1,13.5,7,2.1,71,0,1
T0341,Thu,walk,3.31,13,50,5.8,1,15.9,9,2.6,97,0,1
T0342,Fri,bike,6.15,11,34,8.3,0,25.1,6,4.9,29,0,1
T0343,Fri,walk,0.97,16,7,6.3,0,26.3,6,3.9,37,0,1
T0344,Thu,bus,5.32,13,12,6.0,1,5.9,7,6.7,83,0,0
T0345,Fri,walk,4.08,9,30,6.4,0,10.0,7,7.3,46,0,1
T0346,Mon,bike,6.44,8,27,7.6,0,21.9,8,2.9,66,1,1
T0347,Wed,bike,5.2,8,7,7.9,1,10.7,7,2.4,38,0,0
T0348,Tue,walk,0.48,12,45,5.9,1,1.9,5,4.4,26,0,0
T0349,Tue,bike,1.94,12,32,7.2,0,15.7,4,6.0,81,0,0
T0350,Tue,bike,4.94,12,8,4.6,1,19.6,3,5.2,46,0,1
T0351,Thu,walk,0.79,8,6,7.0,0,17.3,4,2.3,42,0,1
T0352,Fri,bus,4.3,15,35,5.9,0,12.6,8,3.4,34,0,0
T0353,Mon,bus,3.56,10,5,8.2,0,12.9,4,4.7,38,0,1
T0354,Mon,scooter,0.54,8,16,5.4,0,21.8,3,2.8,67,0,0
T0355,Tue,scooter,6.45,10,45,6.1,0,6.8,5,4.9,18,0,0
T0356,Fri,walk,4.09,9,40,6.9,1,12.5,7,1.6,18,0,0
T0357,Thu,walk,1.67,7,50,9.4,0,10.7,8,2.7,62,0,0
T0358,Tue,scooter,2.08,10,45,5.5,0,18.4,6,2.1,84,0,0
T0359,Thu,walk,5.41,8,3,8.9,0,16.8,3,4.0,61,1,1
T0360,Tue,bike,5.7,15,37,6.6,0,16.7,6,3.9,81,1,1
T0361,Tue,bike,2.9,12,24,7.3,0,21.0,6,4.8,18,0,0
T0362,Mon,bike,3.29,9,17,8.0,0,12.1,5,3.7,75,0,1
T0363,Thu,scooter,2.99,9,16,5.9,1,7.6,6,3.4,36,1,0
T0364,Wed,bike,4.18,8,47,8.3,1,19.6,7,1.8,31,0,0
T0365,Wed,walk,2.47,16,40,6.1,0,19.8,8,1.8,63,0,1
T0366,Wed,scooter,0.52,11,25,5.5,0,13.6,6,1.8,74,0,0
T0367,Mon,bike,0.81,14,29,9.5,0,18.8,1,3.6,57,1,0
T0368,Tue,bus,1.74,10,51,7.2,1,14.0,6,4.8,76,0,0
T0369,Mon,walk,4.96,15,32,9.0,1,17.6,3,1.0,58,0,1
T0370,Wed,bus,1.43,10,16,7.1,0,10.5,9,3.8,65,0,0
T0371,Thu,scooter,1.82,17,50,7.4,1,10.2,7,1.3,22,0,0
T0372,Fri,bus,5.22,11,33,6.4,1,8.3,6,0.5,87,0,0
T0373,Tue,bike,4.6,8,5,3.9,0,18.0,9,2.3,22,0,0
T0374,Mon,scooter,6.23,16,3,5.9,0,15.2,6,5.8,32,1,1
T0375,Thu,bus,4.32,11,44,5.9,0,23.6,9,2.6,88,0,0
T0376,Mon,bike,3.9,15,37,5.9,0,20.0,5,3.6,44,0,0
T0377,Wed,walk,5.78,14,35,5.6,0,19.5,6,2.3,51,1,0
T0378,Mon,bike,3.0,11,46,8.0,1,2.4,8,0.5,86,0,0
T0379,Fri,bike,5.35,9,39,6.5,0,6.3,8,1.0,79,0,0
T0380,Tue,walk,5.85,7,43,7.1,0,16.4,3,1.4,97,0,1
